Accuracy,BalancedAccuracy,ROCAUC,Brier,LogLoss,Precision,Recall,F1,Model,Fold,TrainEnd,TestStart,TestEnd,TestSamples
0.7,0.5,0.5,0.240625,0.674382053958,0.7,1,0.823529411765,Historical rate baseline,1,40,41,50,10
0.7,0.5,0.5,0.2296,0.652167112298,0.7,1,0.823529411765,Historical rate baseline,2,50,51,60,10
0.8,0.5,0.5,0.206944444444,0.606290948057,0.8,1,0.888888888889,Historical rate baseline,3,60,61,70,10
0.7,0.5,0.5,0.217346938776,0.626904101263,0.7,1,0.823529411765,Historical rate baseline,4,70,71,80,10
1,,,0.140625,0.470003629246,1,1,1,Historical rate baseline,5,80,81,90,10
0.7,0.5,0.285714285714,0.26763679622,0.883805496436,0.7,1,0.823529411765,Time only logistic,1,40,41,50,10
0.7,0.5,0.666666666667,0.23188716801,0.684832995028,0.7,1,0.823529411765,Time only logistic,2,50,51,60,10
0.8,0.5,0.625,0.158401570351,0.495454160504,0.8,1,0.888888888889,Time only logistic,3,60,61,70,10
0.7,0.5,0.571428571429,0.225897117817,0.658193749617,0.7,1,0.823529411765,Time only logistic,4,70,71,80,10
1,,,0.0444133177944,0.23626757229,1,1,1,Time only logistic,5,80,81,90,10
0.7,0.5,0.285714285714,0.282073453382,1.26278245616,0.7,1,0.823529411765,Logistic regression,1,40,41,50,10
0.9,0.833333333333,0.857142857143,0.106822003338,0.369198270889,0.875,1,0.933333333333,Logistic regression,2,50,51,60,10
1,1,1,0.0517017283211,0.237570673353,1,1,1,Logistic regression,3,60,61,70,10
0.7,0.5,0.428571428571,0.23387005151,0.860260913767,0.7,1,0.823529411765,Logistic regression,4,70,71,80,10
0.9,,,0.0757674914463,0.27767963202,1,0.9,0.947368421053,Logistic regression,5,80,81,90,10
0.7,0.5,0.380952380952,0.218719030274,0.635602228373,0.7,1,0.823529411765,Random forest,1,40,41,50,10
0.7,0.690476190476,0.857142857143,0.166255040093,0.513123252944,0.833333333333,0.714285714286,0.769230769231,Random forest,2,50,51,60,10
0.9,0.9375,1,0.118038070697,0.409099462011,1,0.875,0.933333333333,Random forest,3,60,61,70,10
0.8,0.666666666667,0.52380952381,0.181541102056,0.564288098928,0.777777777778,1,0.875,Random forest,4,70,71,80,10
1,,,0.0986686082983,0.375604510383,1,1,1,Random forest,5,80,81,90,10
0.6,0.428571428571,0.619047619048,0.311988346418,0.929746538521,0.666666666667,0.857142857143,0.75,Gradient boosting,1,40,41,50,10
0.7,0.5,0.333333333333,0.261735739131,0.76033958762,0.7,1,0.823529411765,Gradient boosting,2,50,51,60,10
0.2,0.5,1,0.401710810399,0.997312975067,0,0,0,Gradient boosting,3,60,61,70,10
0.8,0.666666666667,0.52380952381,0.180304144599,0.621324183927,0.777777777778,1,0.875,Gradient boosting,4,70,71,80,10
1,,,0.0146418949461,0.125508852873,1,1,1,Gradient boosting,5,80,81,90,10
