Feature,Coefficient,AbsoluteCoefficient
Legs,1.73233030393,1.73233030393
GridFins,1.1386081133,1.1386081133
FlightNumber,0.82504802236,0.82504802236
Orbit_LEO,0.73512410324,0.73512410324
Orbit_ISS,-0.546545762371,0.546545762371
Flights,-0.536469007293,0.536469007293
Orbit_SSO,0.473793230775,0.473793230775
LaunchSite_CCAFS SLC 40,-0.385650731933,0.385650731933
LaunchSite_KSC LC 39A,0.385411623268,0.385411623268
Orbit_PO,-0.363341953877,0.363341953877
Orbit_GTO,-0.352549731523,0.352549731523
Reused,0.342249015108,0.342249015108
Orbit_ES-L1,0.313057515169,0.313057515169
Orbit_SO,-0.279533308929,0.279533308929
Orbit_HEO,0.158139865602,0.158139865602
Orbit_MEO,-0.127874960504,0.127874960504
Orbit_VLEO,-0.0837941602486,0.0837941602486
Orbit_GEO,0.0753841028522,0.0753841028522
PayloadMass,-0.0231247415404,0.0231247415404
LaunchSite_VAFB SLC 4E,0.00209804885232,0.00209804885232
